image_name,class_id
00002031.jpg,3
00026962.jpg,1
00016118.jpg,2
00025582.jpg,4
00015214.jpg,3
00011510.jpg,0
00002713.jpg,0
00028679.jpg,0
00023557.jpg,3
00004653.jpg,0
00029862.jpg,1
10004065.jpg,0
10001639.jpg,3
00005940.jpg,4
10003014.jpg,1
00003578.jpg,0
00030521.jpg,0
00006935.jpg,3
00009260.jpg,0
00027171.jpg,0
00028074.jpg,0
00011954.jpg,1
00007579.jpg,0
00003924.jpg,0
00021685.jpg,0
00016941.jpg,3
00018719.jpg,0
00013883.jpg,0
00025390.jpg,4
00026947.jpg,0
00010104.jpg,4
00004031.jpg,0
00025100.jpg,0
00008440.jpg,3
00018476.jpg,1
10001894.jpg,0
00024592.jpg,0
00005007.jpg,3
00029112.jpg,0
00023100.jpg,0
10002229.jpg,1
00005789.jpg,0
00030002.jpg,1
00002114.jpg,3
00017792.jpg,3
00019373.jpg,3
00000760.jpg,0
00002422.jpg,5
00018544.jpg,1
00009985.jpg,0
00000304.jpg,0
00001527.jpg,0
00020959.jpg,3
00014868.jpg,3
00012865.jpg,1
00005938.jpg,4
00020000.jpg,0
00023873.jpg,0
00002580.jpg,3
00013888.jpg,3
00025264.jpg,0
00021233.jpg,0
00012444.jpg,3
00005090.jpg,0
10000598.jpg,0
10001037.jpg,0
00020161.jpg,1
10003168.jpg,1
10001984.jpg,1
00014566.jpg,3
00004851.jpg,0
00007494.jpg,0
00004905.jpg,0
10003564.jpg,4
00025683.jpg,0
00011762.jpg,0
00026647.jpg,0
00006951.jpg,3
00016222.jpg,0
00008770.jpg,0
00003501.jpg,3
00010288.jpg,3
10003485.jpg,3
00027262.jpg,0
00005959.jpg,3
00029937.jpg,3
10001035.jpg,0
00005156.jpg,4
00019121.jpg,0
10000098.jpg,0
00009123.jpg,0
00030197.jpg,0
00009319.jpg,0
00015023.jpg,0
00020289.jpg,3
00001720.jpg,0
00028201.jpg,0
00028241.jpg,2
00020666.jpg,0
00009664.jpg,0
00010160.jpg,3
00028278.jpg,0
00023694.jpg,4
00025391.jpg,0
00014756.jpg,0
00027678.jpg,1
10002871.jpg,3
00018188.jpg,3
00027310.jpg,0
00018501.jpg,0
00010614.jpg,3
00002714.jpg,0
00028620.jpg,0
00019059.jpg,4
00018576.jpg,3
00000909.jpg,0
10002709.jpg,0
00011377.jpg,0
00001947.jpg,0
00014310.jpg,0
10003718.jpg,2
00016959.jpg,0
00018107.jpg,0
00025698.jpg,3
00015832.jpg,0
00029721.jpg,3
00001601.jpg,0
10004417.jpg,0
00030817.jpg,4
00022199.jpg,0
10000223.jpg,0
00009109.jpg,0
10000943.jpg,0
00002697.jpg,0
00008001.jpg,0
00015767.jpg,4
00019672.jpg,0
00028410.jpg,0
00024853.jpg,0
00026469.jpg,0
00000087.jpg,0
00006572.jpg,0
00017708.jpg,3
00003350.jpg,3
00001343.jpg,5
00000448.jpg,0
00021277.jpg,0
00006304.jpg,2
00001433.jpg,3
00021181.jpg,0
00005655.jpg,0
00023481.jpg,1
00026588.jpg,0
00021087.jpg,4
00004468.jpg,2
00029457.jpg,0
00025298.jpg,0
00026025.jpg,5
00024621.jpg,3
00017496.jpg,0
00007543.jpg,0
00021657.jpg,2
00023080.jpg,0
00000486.jpg,0
00016446.jpg,5
00028065.jpg,3
00010758.jpg,5
00025385.jpg,0
00005203.jpg,0
10004044.jpg,0
00009500.jpg,2
10001875.jpg,0
00007455.jpg,0
00002018.jpg,1
00015483.jpg,1
00017374.jpg,4
00017992.jpg,0
00030949.jpg,4
00029460.jpg,3
00004547.jpg,3
00015056.jpg,2
00027629.jpg,0
00014995.jpg,1
10000335.jpg,4
00015749.jpg,1
00028298.jpg,0
00001207.jpg,0
00026342.jpg,2
00015241.jpg,0
00024614.jpg,0
00025006.jpg,0
00021999.jpg,3
00011495.jpg,3
00014880.jpg,4
00022818.jpg,3
00004580.jpg,0
00023242.jpg,3
00006560.jpg,0
00009524.jpg,4
00007197.jpg,0
00024186.jpg,0
10001914.jpg,3
00018853.jpg,0
00021874.jpg,0
00025192.jpg,0
00030921.jpg,2
00019978.jpg,3
00015313.jpg,0
00002864.jpg,0
00010196.jpg,0
00016891.jpg,0
00017627.jpg,2
00004904.jpg,1
00020643.jpg,0
00029716.jpg,0
00007435.jpg,0
10000104.jpg,0
00022324.jpg,0
00014809.jpg,5
00006755.jpg,2
00005581.jpg,0
00011474.jpg,0
00007459.jpg,4
00025884.jpg,0
10002128.jpg,3
00014840.jpg,3
00025989.jpg,0
00015024.jpg,1
10003122.jpg,3
10002502.jpg,0
00021725.jpg,0
00002629.jpg,2
00028668.jpg,1
00014779.jpg,3
00024741.jpg,0
00007988.jpg,0
00016285.jpg,0
10000031.jpg,0
00001104.jpg,2
10000976.jpg,4
10003289.jpg,4
00016976.jpg,0
00015177.jpg,3
00029424.jpg,3
10001273.jpg,0
00008135.jpg,0
00005186.jpg,4
00009647.jpg,3
00017986.jpg,0
00021571.jpg,0
00019709.jpg,2
00023306.jpg,3
00026621.jpg,0
00027750.jpg,0
00030207.jpg,0
10000624.jpg,0
00005816.jpg,0
10000826.jpg,0
00001025.jpg,0
00028494.jpg,0
00001623.jpg,0
00017226.jpg,0
10004119.jpg,0
10002667.jpg,0
00003876.jpg,0
00018101.jpg,0
10003011.jpg,2
00007514.jpg,0
00029518.jpg,3
00005740.jpg,1
10000919.jpg,1
00025920.jpg,3
00030478.jpg,1
00008305.jpg,2
00016070.jpg,0
00028979.jpg,3
00021509.jpg,3
00030767.jpg,3
00009355.jpg,0
00012722.jpg,0
10004085.jpg,0
00015760.jpg,1
10003481.jpg,0
00014718.jpg,1
00010844.jpg,4
00029451.jpg,0
00029241.jpg,3
00013856.jpg,0
00002431.jpg,5
00001320.jpg,3
00002717.jpg,1
00023855.jpg,3
00009178.jpg,0
00017544.jpg,0
00025027.jpg,0
10001330.jpg,3
10002017.jpg,0
00022938.jpg,3
00007103.jpg,0
00015311.jpg,4
00017694.jpg,0
00029580.jpg,0
10001388.jpg,3
00010976.jpg,1
00000875.jpg,0
00013591.jpg,0
10000416.jpg,0
00011351.jpg,0
00030558.jpg,0
00009068.jpg,0
10002943.jpg,0
00019952.jpg,4
00012997.jpg,0
00028157.jpg,0
00019009.jpg,3
00001847.jpg,2
00029927.jpg,0
00025337.jpg,0
00019079.jpg,3
10001377.jpg,0
00016202.jpg,0
00001435.jpg,0
00017681.jpg,1
00025141.jpg,0
00007742.jpg,0
00005319.jpg,0
00011821.jpg,0
00012336.jpg,4
10001242.jpg,0
00007092.jpg,2
00015090.jpg,2
00003264.jpg,4
00021528.jpg,0
10002638.jpg,1
00014811.jpg,0
00013102.jpg,3
00004262.jpg,0
00010886.jpg,3
00013577.jpg,3
10003247.jpg,1
00025533.jpg,5
00026474.jpg,1
00017882.jpg,3
00007803.jpg,3
00020377.jpg,3
00029695.jpg,0
00002380.jpg,0
00020983.jpg,0
00030356.jpg,0
00002352.jpg,0
10000250.jpg,1
00013915.jpg,1
00024977.jpg,1
00030857.jpg,3
00021231.jpg,0
00000560.jpg,0
00028616.jpg,1
00010595.jpg,0
00029159.jpg,3
00004925.jpg,0
10004267.jpg,2
00016690.jpg,3
00014259.jpg,0
00004764.jpg,0
00028036.jpg,0
00002346.jpg,0
00019999.jpg,1
00030005.jpg,4
00023673.jpg,3
00015923.jpg,0
00001396.jpg,2
00018104.jpg,0
10003150.jpg,0
00026006.jpg,0
00018394.jpg,0
00030324.jpg,0
00022735.jpg,0
00010364.jpg,0
00007823.jpg,0
00009756.jpg,0
00014476.jpg,0
00003274.jpg,4
00023713.jpg,0
00015071.jpg,0
00001145.jpg,0
00019844.jpg,0
00000742.jpg,0
00003303.jpg,3
10000647.jpg,0
00030607.jpg,0
00011097.jpg,0
00028899.jpg,0
00003174.jpg,0
00026959.jpg,0
10001766.jpg,0
00015797.jpg,4
00006862.jpg,3
00006719.jpg,0
00015655.jpg,0
00016691.jpg,1
10003431.jpg,3
00000515.jpg,1
00028370.jpg,0
00004047.jpg,0
00019317.jpg,0
00017355.jpg,0
00001777.jpg,2
10003242.jpg,0
00028001.jpg,3
00010218.jpg,0
10001044.jpg,0
00018836.jpg,2
00002621.jpg,0
00016909.jpg,3
00001014.jpg,0
00025897.jpg,3
00014750.jpg,0
00018452.jpg,0
00002836.jpg,3
00003705.jpg,0
00013330.jpg,0
00014116.jpg,0
00018499.jpg,2
00028831.jpg,0
00028637.jpg,0
00005037.jpg,0
00022218.jpg,3
10000257.jpg,3
00020440.jpg,0
00005635.jpg,0
00029420.jpg,1
00021392.jpg,3
00004434.jpg,2
10003708.jpg,2
00025570.jpg,0
00016012.jpg,0
10002825.jpg,0
10000683.jpg,0
00030455.jpg,3
00006696.jpg,3
00015898.jpg,2
00016207.jpg,0
00024260.jpg,3
00008231.jpg,0
00017384.jpg,0
00024254.jpg,3
00010960.jpg,0
00026060.jpg,0
00014015.jpg,0
00026615.jpg,0
00024811.jpg,0
10001596.jpg,1
00022243.jpg,0
00018671.jpg,0
00020276.jpg,0
00017283.jpg,4
00016555.jpg,0
00024242.jpg,0
00017360.jpg,0
00006740.jpg,0
00005851.jpg,0
10001206.jpg,0
10000663.jpg,0
00002898.jpg,0
00022302.jpg,0
10003668.jpg,0
00024334.jpg,1
00005220.jpg,3
00010479.jpg,1
00028446.jpg,0
00019164.jpg,0
00028720.jpg,0
00029370.jpg,3
00019468.jpg,4
00024827.jpg,0
00009174.jpg,0
00030475.jpg,0
00004470.jpg,4
10000125.jpg,0
00001412.jpg,0
00018914.jpg,0
10002292.jpg,0
00029059.jpg,3
00029891.jpg,0
00017751.jpg,0
00006505.jpg,0
00003400.jpg,0
00018095.jpg,0
00018741.jpg,0
00010859.jpg,4
00013838.jpg,0
00013289.jpg,0
00005501.jpg,3
00006177.jpg,0
00013585.jpg,0
00000401.jpg,0
00012121.jpg,0
00021055.jpg,1
10003759.jpg,5
10004213.jpg,3
00014389.jpg,5
00004106.jpg,0
00028039.jpg,1
00003131.jpg,3
00023349.jpg,2
00028503.jpg,0
00012602.jpg,0
00008908.jpg,3
10001428.jpg,0
00015127.jpg,0
00028914.jpg,0
00026133.jpg,0
00003996.jpg,2
10000300.jpg,0
00011205.jpg,0
00016668.jpg,0
00000890.jpg,3
00026809.jpg,3
00029898.jpg,3
00010864.jpg,0
00016866.jpg,0
00030211.jpg,0
00024200.jpg,0
10003846.jpg,0
00012936.jpg,5
00000854.jpg,0
00028486.jpg,0
00029486.jpg,1
00026936.jpg,1
00019459.jpg,3
00028869.jpg,0
00021051.jpg,4
00002761.jpg,3
00002747.jpg,0
00023325.jpg,0
00006732.jpg,0
00008120.jpg,3
00001916.jpg,0
00028760.jpg,3
10003980.jpg,1
10000538.jpg,1
00007366.jpg,0
00008047.jpg,3
10004202.jpg,0
10001061.jpg,0
00026286.jpg,0
00014059.jpg,0
00010515.jpg,1
00001581.jpg,0
00007950.jpg,4
00027315.jpg,3
00015057.jpg,0
00003723.jpg,0
00011907.jpg,0
00011085.jpg,4
00017230.jpg,0
00017970.jpg,3
00021897.jpg,0
00009630.jpg,0
00002261.jpg,3
10003213.jpg,0
00020129.jpg,4
00022106.jpg,3
00029155.jpg,4
00011605.jpg,0
00010331.jpg,0
00016415.jpg,2
00013106.jpg,0
00008450.jpg,0
00024291.jpg,3
00025483.jpg,0
00010986.jpg,4
00000362.jpg,0
00030474.jpg,4
00005316.jpg,3
00007761.jpg,0
00018440.jpg,1
00008484.jpg,0
00024367.jpg,0
00005648.jpg,0
10003225.jpg,0
00030146.jpg,3
00026191.jpg,0
00018653.jpg,0
00005078.jpg,5
10000973.jpg,0
00012531.jpg,3
00005725.jpg,3
00003407.jpg,4
10000701.jpg,0
00004958.jpg,5
10000782.jpg,0
00020305.jpg,0
00008025.jpg,3
00025735.jpg,0
00018581.jpg,0
10003987.jpg,0
00001784.jpg,0
00010167.jpg,3
00002077.jpg,0
00026533.jpg,3
00026300.jpg,0
00030046.jpg,0
00006649.jpg,0
00021329.jpg,0
00003559.jpg,0
00014842.jpg,3
00001732.jpg,0
00018146.jpg,1
00001249.jpg,0
00020474.jpg,0
00016230.jpg,0
00007735.jpg,2
00009799.jpg,0
00023121.jpg,1
00028798.jpg,0
00014788.jpg,1
00025487.jpg,3
00000776.jpg,0
00001002.jpg,0
00028137.jpg,0
00002292.jpg,0
10003453.jpg,0
00024463.jpg,5
00018358.jpg,1
00023565.jpg,3
00014429.jpg,0
00010153.jpg,0
10001998.jpg,0
00009105.jpg,0
10004343.jpg,0
00018509.jpg,4
10003473.jpg,1
00019046.jpg,4
00030039.jpg,2
00013815.jpg,0
00020374.jpg,3
00018736.jpg,0
00026661.jpg,3
00007575.jpg,0
10002190.jpg,3
00027143.jpg,2
00010512.jpg,0
00007170.jpg,3
00006100.jpg,4
00022229.jpg,2
00006234.jpg,2
00023749.jpg,1
00021585.jpg,2
00007192.jpg,3
00026737.jpg,1
00024149.jpg,1
00012253.jpg,3
00005140.jpg,0
00008389.jpg,0
00009245.jpg,3
00027109.jpg,3
00006106.jpg,1
10001956.jpg,0
00020826.jpg,1
00004274.jpg,0
00021117.jpg,5
00004685.jpg,3
00023555.jpg,0
00025883.jpg,0
00003478.jpg,1
00009800.jpg,3
00000637.jpg,3
00000128.jpg,0
00024031.jpg,0
00019186.jpg,3
00024981.jpg,3
00028324.jpg,0
00017929.jpg,2
00013032.jpg,0
00011298.jpg,0
10000158.jpg,3
00002073.jpg,0
10003246.jpg,0
00025320.jpg,3
00003402.jpg,0
00005722.jpg,3
00002120.jpg,0
00027934.jpg,0
00023697.jpg,0
00024950.jpg,4
00022005.jpg,5
00008015.jpg,0
00018988.jpg,4
00026762.jpg,2
00015377.jpg,0
00024363.jpg,0
00017288.jpg,0
00010528.jpg,3
00005843.jpg,0
00022979.jpg,1
00025657.jpg,0
10002077.jpg,4
00017061.jpg,0
00006335.jpg,0
00026477.jpg,1
00029181.jpg,0
00014861.jpg,3
10003741.jpg,2
00014577.jpg,0
00019660.jpg,0
00029737.jpg,4
00017484.jpg,3
00018917.jpg,2
00004754.jpg,3
00025898.jpg,0
00025236.jpg,0
00029390.jpg,0
00027786.jpg,1
00011181.jpg,0
00028603.jpg,0
00029994.jpg,0
00015171.jpg,3
10000788.jpg,3
00001422.jpg,1
00014795.jpg,3
00020106.jpg,0
00020384.jpg,0
00022769.jpg,2
00007541.jpg,1
00006216.jpg,0
00018396.jpg,1
00023646.jpg,1
10003786.jpg,0
00002610.jpg,0
10003394.jpg,0
00016093.jpg,0
00009418.jpg,3
10000706.jpg,2
00018601.jpg,0
00020856.jpg,0
00016162.jpg,0
00006591.jpg,3
00019190.jpg,3
00023347.jpg,1
10002686.jpg,0
00009440.jpg,3
00015661.jpg,3
00022600.jpg,2
00003845.jpg,3
00026531.jpg,0
00025303.jpg,1
00019561.jpg,0
00022812.jpg,0
00021071.jpg,3
00011608.jpg,0
00017032.jpg,0
00029847.jpg,0
00027778.jpg,2
00002822.jpg,0
00006916.jpg,0
00027187.jpg,0
00020641.jpg,3
00012098.jpg,0
00004018.jpg,3
00028658.jpg,0
00007965.jpg,3
00001237.jpg,4
00028030.jpg,0
10003404.jpg,1
00024005.jpg,0
00030093.jpg,0
00000606.jpg,4
00009950.jpg,2
00023790.jpg,4
00025371.jpg,0
00018259.jpg,0
00024112.jpg,0
00002257.jpg,2
00022098.jpg,3
10003889.jpg,3
00010320.jpg,1
00028980.jpg,0
00020105.jpg,0
10000462.jpg,0
00012063.jpg,0
00003203.jpg,3
00030385.jpg,5
00011244.jpg,0
00015014.jpg,0
00017845.jpg,3
00018795.jpg,0
00025860.jpg,0
00009055.jpg,4
00003611.jpg,0
00027431.jpg,3
00007504.jpg,3
10003674.jpg,3
10000953.jpg,0
00005240.jpg,3
00030778.jpg,0
10000733.jpg,2
00020681.jpg,4
00013313.jpg,0
00023860.jpg,1
00021772.jpg,3
00002254.jpg,1
00014975.jpg,0
00029332.jpg,0
00003072.jpg,0
00029760.jpg,3
00012953.jpg,5
00002002.jpg,0
00016726.jpg,0
00008638.jpg,1
00013920.jpg,0
00005600.jpg,0
10004389.jpg,0
10002299.jpg,0
10002563.jpg,1
00001126.jpg,0
00015362.jpg,3
00003974.jpg,3
00024911.jpg,0
00000450.jpg,0
10003874.jpg,0
00001355.jpg,3
00006345.jpg,0
00004421.jpg,3
10002592.jpg,5
00023850.jpg,0
00029954.jpg,2
00006178.jpg,0
00016599.jpg,1
00002400.jpg,0
00007271.jpg,0
00019703.jpg,3
00014244.jpg,0
00012386.jpg,0
00025975.jpg,4
00006810.jpg,0
00017798.jpg,3
00009309.jpg,2
00020901.jpg,0
00001247.jpg,0
00030396.jpg,0
00029403.jpg,0
00008834.jpg,0
00030204.jpg,1
00014185.jpg,0
00010599.jpg,3
00022749.jpg,0
10000889.jpg,4
00030374.jpg,2
00000629.jpg,0
00021639.jpg,3
10000605.jpg,0
00015181.jpg,2
00009341.jpg,3
00024354.jpg,0
00017312.jpg,3
00003470.jpg,2
00011560.jpg,0
00021572.jpg,4
00026287.jpg,0
00030694.jpg,0
00008325.jpg,0
00012076.jpg,0
00000813.jpg,1
00007645.jpg,1
00013998.jpg,3
00006677.jpg,1
00023918.jpg,3
00000426.jpg,0
00017980.jpg,0
00025336.jpg,0
10003844.jpg,1
00015617.jpg,4
00023352.jpg,0
00030507.jpg,4
00015721.jpg,4
00023653.jpg,0
00020432.jpg,0
00016952.jpg,1
00028212.jpg,0
00004508.jpg,1
00010551.jpg,3
00016311.jpg,0
00010075.jpg,3
00021481.jpg,1
00014714.jpg,0
00023704.jpg,3
10002025.jpg,0
00007220.jpg,3
00022631.jpg,4
00013982.jpg,3
10000154.jpg,0
00000247.jpg,0
00004292.jpg,0
00027909.jpg,0
00006280.jpg,0
10002262.jpg,4
00020802.jpg,3
00015690.jpg,3
00015469.jpg,2
00030084.jpg,1
00001867.jpg,0
00023096.jpg,0
00009173.jpg,3
00006934.jpg,3
00019107.jpg,3
10000302.jpg,0
00000970.jpg,0
00009522.jpg,3
00009617.jpg,3
00021084.jpg,0
10000399.jpg,5
00012346.jpg,0
00027549.jpg,0
00030581.jpg,4
00000034.jpg,0
00023106.jpg,0
00003506.jpg,3
00023054.jpg,3
00001070.jpg,4
00024564.jpg,1
00014661.jpg,0
00000093.jpg,0
00011853.jpg,2
00017589.jpg,0
00011360.jpg,2
10001827.jpg,1
00013134.jpg,5
00016394.jpg,4
00025132.jpg,3
00015605.jpg,0
10001801.jpg,0
00002463.jpg,0
00027781.jpg,3
00030264.jpg,0
00011448.jpg,1
00009637.jpg,3
00025724.jpg,3
00001695.jpg,3
00024889.jpg,3
00011606.jpg,0
00005907.jpg,3
00009784.jpg,3
00009141.jpg,0
00011919.jpg,0
00004965.jpg,0
10001481.jpg,0
00020771.jpg,0
00024763.jpg,3
10000730.jpg,3
10000330.jpg,0
00028593.jpg,4
00007893.jpg,0
00012442.jpg,2
00011056.jpg,1
00016000.jpg,0
00015652.jpg,0
00013611.jpg,0
00022100.jpg,3
00021298.jpg,0
10002735.jpg,3
00008195.jpg,3
10001492.jpg,3
10002739.jpg,0
00026495.jpg,3
00013176.jpg,0
00009804.jpg,3
00015279.jpg,0
00026369.jpg,0
00027489.jpg,0
00026161.jpg,0
00009209.jpg,3
00017727.jpg,1
00021319.jpg,0
00013760.jpg,0
00021286.jpg,2
00019687.jpg,4
10004274.jpg,0
00014038.jpg,0
00026385.jpg,4
00027729.jpg,0
00030820.jpg,1
00026003.jpg,0
00012916.jpg,0
00001911.jpg,0
10000491.jpg,0
00026966.jpg,0
00026493.jpg,0
00019774.jpg,0
00010579.jpg,3
00030432.jpg,3
00018465.jpg,3
00008610.jpg,1
00014727.jpg,0
00029488.jpg,3
10003781.jpg,0
00017575.jpg,3
00009321.jpg,4
00009207.jpg,0
00014001.jpg,3
10003968.jpg,3
00015529.jpg,3
00013605.jpg,4
00024176.jpg,0
00015596.jpg,0
00023522.jpg,3
00019643.jpg,0
00011763.jpg,1
00022221.jpg,0
00027281.jpg,0
00020769.jpg,2
00015548.jpg,0
00029043.jpg,3
00029442.jpg,0
00012245.jpg,1
00013948.jpg,0
00026922.jpg,0
00016302.jpg,0
00021378.jpg,0
10004033.jpg,0
00011210.jpg,0
00018560.jpg,4
00022750.jpg,0
00015050.jpg,0
00023953.jpg,1
00016888.jpg,4
00023026.jpg,0
00024504.jpg,1
00006772.jpg,0
10004309.jpg,3
00002663.jpg,1
00030665.jpg,0
10003553.jpg,0
00013315.jpg,0
00002405.jpg,3
00008587.jpg,2
00006220.jpg,0
00028037.jpg,4
00024611.jpg,0
00014016.jpg,3
00029277.jpg,1
00011280.jpg,0
00015125.jpg,0
10003372.jpg,0
10002415.jpg,3
00012373.jpg,2
00023636.jpg,0
00029002.jpg,4
00017180.jpg,3
00011772.jpg,3
00030441.jpg,3
00004317.jpg,0
00024548.jpg,0
00003997.jpg,0
00020952.jpg,0
00030065.jpg,0
00000936.jpg,0
00029885.jpg,4
10002648.jpg,2
00002978.jpg,0
00029950.jpg,0
10003760.jpg,0
00008872.jpg,1
00024045.jpg,0
00005137.jpg,3
00012274.jpg,0
00010693.jpg,3
10000611.jpg,3
00026787.jpg,3
00003297.jpg,4
00010539.jpg,0
00027612.jpg,4
00016511.jpg,1
00007117.jpg,0
00026755.jpg,0
00023821.jpg,3
10002033.jpg,3
00004715.jpg,0
10000403.jpg,0
10001266.jpg,0
00021200.jpg,3
00023017.jpg,0
00014857.jpg,3
00001218.jpg,0
10001406.jpg,4
10004073.jpg,0
10001299.jpg,0
00008238.jpg,0
10001446.jpg,0
00011866.jpg,0
00006640.jpg,0
00001863.jpg,4
00009492.jpg,0
00010394.jpg,1
10003991.jpg,4
00020770.jpg,0
00014150.jpg,2
00024383.jpg,0
00004936.jpg,0
00000808.jpg,0
00020964.jpg,0
00029929.jpg,0
00021074.jpg,2
10000310.jpg,0
00007996.jpg,0
00030931.jpg,0
00027733.jpg,0
00025841.jpg,0
10000810.jpg,0
00008929.jpg,0
00013615.jpg,2
00015254.jpg,4
00019131.jpg,0
00000797.jpg,0
00023903.jpg,3
10003375.jpg,0
10002423.jpg,0
00013310.jpg,1
00011736.jpg,0
00009113.jpg,0
00027321.jpg,0
00022179.jpg,0
00025882.jpg,0
00003487.jpg,0
00002027.jpg,0
00017796.jpg,0
10004181.jpg,3
10004271.jpg,0
10001700.jpg,2
00005890.jpg,4
00004694.jpg,3
00009682.jpg,0
00013328.jpg,0
00002176.jpg,0
00028499.jpg,0
00009442.jpg,2
00018340.jpg,0
00012933.jpg,1
00027862.jpg,0
00013189.jpg,0
00003882.jpg,0
10001463.jpg,0
00015013.jpg,5
00028614.jpg,3
00017653.jpg,0
10001240.jpg,0
10002272.jpg,1
00008209.jpg,0
00018227.jpg,3
00018036.jpg,1
00014924.jpg,0
00020496.jpg,0
00018405.jpg,0
00006713.jpg,0
00004823.jpg,0
00004383.jpg,1
00006712.jpg,1
00027224.jpg,0
00017699.jpg,0
00008674.jpg,0
00019731.jpg,1
10001964.jpg,3
00015414.jpg,1
10002621.jpg,3
00026334.jpg,2
10002858.jpg,3
10004298.jpg,1
00004835.jpg,2
00013554.jpg,0
00007427.jpg,1
10001301.jpg,0
00029349.jpg,3
00012142.jpg,3
00001746.jpg,0
00026818.jpg,3
00018377.jpg,0
00025360.jpg,3
00011116.jpg,0
00002139.jpg,4
10002944.jpg,0
00015147.jpg,0
00015707.jpg,1
00021360.jpg,1
00024675.jpg,3
00024868.jpg,0
00019767.jpg,3
00028534.jpg,2
00028059.jpg,1
00011039.jpg,5
00001639.jpg,0
10000332.jpg,4
00021709.jpg,3
00020578.jpg,1
00027919.jpg,0
10000047.jpg,4
00024542.jpg,3
00002035.jpg,3
00018288.jpg,1
00009170.jpg,2
00002940.jpg,3
00010363.jpg,3
00030210.jpg,3
00006768.jpg,0
00026486.jpg,2
00000754.jpg,0
00013030.jpg,3
00029785.jpg,3
00023145.jpg,0
00015645.jpg,0
00010224.jpg,3
00002863.jpg,0
00013404.jpg,0
00000905.jpg,0
00028675.jpg,1
00002491.jpg,5
00030130.jpg,0
00023690.jpg,3
00020261.jpg,1
00018594.jpg,4
00015988.jpg,0
00009523.jpg,3
00030228.jpg,3
00000296.jpg,3
00023618.jpg,0
00030882.jpg,0
10003658.jpg,3
10003172.jpg,3
00002350.jpg,0
00022944.jpg,0
00014114.jpg,0
00020788.jpg,4
00000110.jpg,3
00014485.jpg,4
10000192.jpg,0
00023977.jpg,3
00025462.jpg,3
00011069.jpg,0
00001568.jpg,0
10003040.jpg,2
00022787.jpg,3
00021666.jpg,2
10000487.jpg,0
00005232.jpg,0
00001545.jpg,3
00020298.jpg,3
00025145.jpg,3
00011897.jpg,0
00025777.jpg,3
10002422.jpg,1
10003673.jpg,4
00022786.jpg,1
00007947.jpg,3
10003277.jpg,1
10003131.jpg,3
00000762.jpg,0
00019331.jpg,0
10001487.jpg,3
00012123.jpg,4
00027117.jpg,3
00009417.jpg,0
00000073.jpg,3
10002254.jpg,0
00022912.jpg,3
00022613.jpg,3
00020916.jpg,0
10001174.jpg,0
00004626.jpg,0
00000151.jpg,0
00018797.jpg,0
00018597.jpg,0
00019722.jpg,0
00007849.jpg,4
00003526.jpg,3
00024964.jpg,4
00017799.jpg,0
00016935.jpg,0
00022764.jpg,4
00027059.jpg,4
00007292.jpg,3
00020128.jpg,2
00027632.jpg,0
00018092.jpg,0
00004093.jpg,0
00018309.jpg,0
00015685.jpg,3
00026037.jpg,3
00027928.jpg,1
00000371.jpg,0
00018941.jpg,0
00002708.jpg,0
00030123.jpg,1
00005083.jpg,4
00004135.jpg,0
00007790.jpg,0
10004102.jpg,0
00024985.jpg,0
00013745.jpg,0
00020452.jpg,0
00025703.jpg,2
00020845.jpg,2
00001515.jpg,3
10001271.jpg,0
00023506.jpg,2
00010030.jpg,0
00017643.jpg,0
00013523.jpg,0
00014606.jpg,3
00002932.jpg,0
00030673.jpg,0
00000470.jpg,0
00006514.jpg,1
00025817.jpg,0
00016508.jpg,3
00002334.jpg,0
00016009.jpg,2
00012713.jpg,0
00029433.jpg,0
00023413.jpg,0
00021091.jpg,0
00024996.jpg,0
00002194.jpg,2
00016741.jpg,0
00021119.jpg,2
00002845.jpg,3
00004025.jpg,0
10000512.jpg,0
00005053.jpg,3
00028466.jpg,0
00014691.jpg,3
00018185.jpg,3
10000668.jpg,3
00022512.jpg,0
00028591.jpg,0
00016686.jpg,0
00012183.jpg,3
00016636.jpg,1
00016648.jpg,4
10000732.jpg,2
00028514.jpg,4
10004100.jpg,0
00014120.jpg,3
00023597.jpg,0
00017870.jpg,3
10000753.jpg,0
00000559.jpg,0
00007775.jpg,5
00012829.jpg,4
00004244.jpg,0
00029083.jpg,1
00017162.jpg,3
00005160.jpg,0
00002408.jpg,0
00018829.jpg,0
00002045.jpg,3
00021159.jpg,2
00003413.jpg,0
10003018.jpg,2
00007977.jpg,0
00002871.jpg,4
00026513.jpg,0
00007262.jpg,0
00009943.jpg,0
00021194.jpg,0
00026535.jpg,4
00026852.jpg,1
00001960.jpg,1
00008199.jpg,0
00026619.jpg,0
00023291.jpg,0
10000752.jpg,0
00003870.jpg,0
10001167.jpg,1
10003656.jpg,3
00026067.jpg,2
00015600.jpg,0
00013959.jpg,0
00025243.jpg,4
00022142.jpg,0
00017375.jpg,0
00009318.jpg,3
00011767.jpg,0
00005443.jpg,3
00004167.jpg,0
00009360.jpg,0
00005176.jpg,3
00007300.jpg,0
00002051.jpg,4
00003569.jpg,3
00006452.jpg,0
00006377.jpg,3
00001782.jpg,0
00000372.jpg,3
00025842.jpg,0
00023448.jpg,5
10000633.jpg,3
00008821.jpg,0
00001086.jpg,5
00015079.jpg,1
00030351.jpg,0
00002369.jpg,0
00005129.jpg,0
00029295.jpg,0
00003272.jpg,4
00006709.jpg,0
00007962.jpg,0
00024387.jpg,1
00030334.jpg,3
00016969.jpg,1
00028216.jpg,0
00024279.jpg,0
00017757.jpg,3
00013526.jpg,0
00012122.jpg,2
00018700.jpg,1
00017039.jpg,0
00025553.jpg,3
00029212.jpg,0
00005040.jpg,0
00015531.jpg,2
00011078.jpg,0
00027474.jpg,1
00022097.jpg,1
00004597.jpg,3
00026901.jpg,0
00000893.jpg,3
10000200.jpg,3
00019460.jpg,0
10001396.jpg,0
00017430.jpg,4
00023526.jpg,2
00017949.jpg,1
00009235.jpg,3
00024877.jpg,3
00018383.jpg,4
00007686.jpg,0
00004584.jpg,0
00020393.jpg,0
10003528.jpg,2
10002430.jpg,0
00026244.jpg,1
00023809.jpg,0
00030322.jpg,1
00007776.jpg,2
00027488.jpg,2
10003619.jpg,0
00025839.jpg,0
00008873.jpg,5
00009584.jpg,0
00028886.jpg,1
00025828.jpg,0
00029342.jpg,1
00013853.jpg,0
00011543.jpg,3
00018195.jpg,1
00026967.jpg,0
10003544.jpg,0
10002485.jpg,0
00030685.jpg,3
10001340.jpg,0
00013806.jpg,2
00006006.jpg,0
00018113.jpg,0
00027313.jpg,0
00011640.jpg,0
00021540.jpg,4
10003896.jpg,5
00029627.jpg,0
00006116.jpg,0
00007299.jpg,0
00012037.jpg,0
00002579.jpg,2
00000588.jpg,0
10002532.jpg,0
00014963.jpg,0
00013489.jpg,0
00027447.jpg,0
00003280.jpg,0
00003205.jpg,3
00009214.jpg,3
00010909.jpg,5
00017941.jpg,0
00004834.jpg,0
00025928.jpg,4
00019498.jpg,0
00021188.jpg,0
00023631.jpg,0
00030097.jpg,0
00023975.jpg,2
00004601.jpg,2
00009964.jpg,1
00020749.jpg,3
00007358.jpg,0
00015111.jpg,0
00030319.jpg,0
00002781.jpg,0
00012381.jpg,3
00025463.jpg,0
00011387.jpg,0
00004773.jpg,0
00011179.jpg,0
00023739.jpg,0
00004850.jpg,0
00008530.jpg,0
00005949.jpg,0
00028336.jpg,0
10001157.jpg,4
00024132.jpg,0
00022756.jpg,1
00023360.jpg,0
00002387.jpg,2
00024290.jpg,0
00004090.jpg,0
00001210.jpg,0
00005924.jpg,3
00026222.jpg,0
00004113.jpg,3
00028473.jpg,0
00014892.jpg,0
10002736.jpg,0
10002447.jpg,0
00017289.jpg,4
00015106.jpg,0
00027345.jpg,0
00024995.jpg,1
00025341.jpg,0
00030531.jpg,3
00022639.jpg,2
00020309.jpg,1
00013361.jpg,0
00018443.jpg,1
10001614.jpg,3
10002714.jpg,0
00004708.jpg,0
00000319.jpg,0
10003271.jpg,0
00018175.jpg,4
00015108.jpg,0
00004453.jpg,4
00027346.jpg,0
00005360.jpg,3
00006003.jpg,3
00002271.jpg,0
00019956.jpg,4
00028513.jpg,0
10001415.jpg,0
00025514.jpg,0
00016915.jpg,0
10000247.jpg,0
00009887.jpg,0
00019811.jpg,2
00014060.jpg,3
00000536.jpg,4
00011323.jpg,0
00028707.jpg,3
00018755.jpg,1
00012717.jpg,0
00001917.jpg,0
00027519.jpg,3
00024326.jpg,0
00025174.jpg,0
00001958.jpg,2
00024234.jpg,0
00024959.jpg,0
00024860.jpg,2
00002299.jpg,0
00016848.jpg,3
00018934.jpg,0
00014790.jpg,0
00029365.jpg,0
00028132.jpg,3
00015631.jpg,4
00009244.jpg,0
00023141.jpg,2
10001227.jpg,1
00000351.jpg,0
00002969.jpg,0
00006231.jpg,3
00009545.jpg,0
00007010.jpg,0
00022668.jpg,0
00021447.jpg,0
00020846.jpg,1
00012478.jpg,3
00002642.jpg,0
00005213.jpg,3
00010932.jpg,0
00008906.jpg,2
00003758.jpg,0
10002126.jpg,0
00018845.jpg,0
00017711.jpg,3
00010819.jpg,0
00019385.jpg,1
00014763.jpg,4
00009688.jpg,3
00023628.jpg,0
00022698.jpg,3
00004814.jpg,4
10004018.jpg,3
00006626.jpg,0
10000402.jpg,0
00006125.jpg,1
00009272.jpg,3
00010444.jpg,0
10003495.jpg,0
00007933.jpg,5
00024431.jpg,1
00022370.jpg,3
00017899.jpg,5
00013658.jpg,0
10000524.jpg,2
00020958.jpg,0
00001995.jpg,0
00011900.jpg,5
00016346.jpg,2
00029693.jpg,0
00007573.jpg,3
00023241.jpg,3
00007027.jpg,0
00015774.jpg,0
00000472.jpg,0
00029925.jpg,3
00022127.jpg,4
00005661.jpg,1
00015133.jpg,3
00017380.jpg,2
10004180.jpg,3
00014772.jpg,3
00021877.jpg,0
10002180.jpg,0
00017829.jpg,0
00027208.jpg,0
00005242.jpg,2
00020150.jpg,0
10002647.jpg,0
10000908.jpg,3
00013214.jpg,3
00015776.jpg,3
00025449.jpg,0
00015805.jpg,0
00013960.jpg,0
00012508.jpg,0
00020870.jpg,0
10003830.jpg,4
10002330.jpg,0
00004751.jpg,0
00010666.jpg,1
00026837.jpg,1
00002946.jpg,0
00017220.jpg,1
00003347.jpg,0
00026690.jpg,0
00029609.jpg,0
10004005.jpg,0
00013751.jpg,0
00002471.jpg,0
00011295.jpg,2
00016748.jpg,0
10002217.jpg,0
00009839.jpg,0
00024729.jpg,1
00023318.jpg,0
00021906.jpg,1
00000464.jpg,0
00012900.jpg,2
00024461.jpg,0
10003461.jpg,0
00000538.jpg,0
00029836.jpg,0
00023799.jpg,1
10004063.jpg,0
00002376.jpg,0
00008107.jpg,0
10003096.jpg,0
10002435.jpg,0
00017778.jpg,1
00029455.jpg,1
00030206.jpg,2
00023475.jpg,0
00026689.jpg,0
00001810.jpg,0
00029095.jpg,0
00022475.jpg,3
00025333.jpg,0
00011352.jpg,0
00006791.jpg,0
00010684.jpg,3
00028850.jpg,2
00013801.jpg,1
00003947.jpg,1
00025120.jpg,0
00000988.jpg,3
00028454.jpg,0
00019055.jpg,3
00000234.jpg,0
00012393.jpg,0
10003454.jpg,3
10002889.jpg,1
10004090.jpg,1
00009883.jpg,0
00008338.jpg,0
00004118.jpg,0
00015097.jpg,0
00027646.jpg,0
00026682.jpg,3
00011696.jpg,3
00012699.jpg,3
00028173.jpg,0
10004308.jpg,2
00028187.jpg,4
10002187.jpg,3
10002844.jpg,3
00029274.jpg,0
00006005.jpg,0
00023686.jpg,3
00015830.jpg,0
00030690.jpg,0
00015223.jpg,0
10000540.jpg,0
00025791.jpg,0
00028864.jpg,0
00019870.jpg,1
00030459.jpg,0
10004098.jpg,0
00008162.jpg,0
10003646.jpg,0
00006942.jpg,0
00030449.jpg,0
00008485.jpg,5
00019838.jpg,0
00025628.jpg,4
10003456.jpg,0
00003275.jpg,0
00015768.jpg,2
00028393.jpg,3
00015085.jpg,1
00001304.jpg,0
00020442.jpg,0
10001336.jpg,0
10002661.jpg,3
00015890.jpg,1
00002470.jpg,5
00001660.jpg,0
00024480.jpg,2
00004357.jpg,0
00006215.jpg,3
00030239.jpg,0
00022659.jpg,0
00006405.jpg,0
00008383.jpg,0
00010973.jpg,0
00027839.jpg,3
00029185.jpg,3
00024813.jpg,3
00021887.jpg,0
00010617.jpg,4
00006950.jpg,1
00020721.jpg,0
00013870.jpg,0
00024990.jpg,3
00023689.jpg,0
00006711.jpg,2
00016529.jpg,3
00001759.jpg,0
00001729.jpg,0
00004302.jpg,0
00030551.jpg,1
00007239.jpg,2
00024277.jpg,1
00029066.jpg,0
00009884.jpg,0
00004388.jpg,0
00003425.jpg,3
00004919.jpg,0
00009991.jpg,0
00001815.jpg,3
00015756.jpg,0
00008487.jpg,0
00015277.jpg,1
00007152.jpg,0
00011875.jpg,0
10000544.jpg,0
00016827.jpg,3
00006611.jpg,2
00020584.jpg,3
00009152.jpg,0
00025526.jpg,4
00010629.jpg,1
00011688.jpg,2
00002723.jpg,0
00006687.jpg,0
00028803.jpg,3
00022367.jpg,0
00009095.jpg,0
00016275.jpg,0
00016315.jpg,1
00027670.jpg,4
00021785.jpg,1
00010417.jpg,0
00016495.jpg,1
10001382.jpg,1
10002803.jpg,0
00009126.jpg,0
00000859.jpg,0
00002349.jpg,0
00008633.jpg,0
00022766.jpg,2
00001453.jpg,3
10003305.jpg,0
00019303.jpg,2
00004376.jpg,4
00010522.jpg,1
00009269.jpg,0
00022213.jpg,0
00016925.jpg,0
00022345.jpg,0
00005680.jpg,3
00000977.jpg,2
00008447.jpg,0
00003618.jpg,0
00014641.jpg,0
00018033.jpg,0
00014665.jpg,0
00027866.jpg,4
00026045.jpg,4
00030610.jpg,2
00029249.jpg,2
00024085.jpg,3
00024685.jpg,2
00012041.jpg,1
00026467.jpg,0
00023259.jpg,0
00027802.jpg,0
00010721.jpg,0
00030310.jpg,2
00018778.jpg,3
00003155.jpg,0
00030160.jpg,0
00012268.jpg,0
00004144.jpg,0
00030294.jpg,2
00030260.jpg,1
00020561.jpg,0
00015787.jpg,0
00020842.jpg,1
00018621.jpg,1
00013059.jpg,3
00010095.jpg,0
00004859.jpg,1
10002801.jpg,4
00023374.jpg,0
00006420.jpg,2
00020628.jpg,3
00002086.jpg,3
00017267.jpg,0
00016786.jpg,3
00016267.jpg,2
00030482.jpg,0
00012792.jpg,0
10002781.jpg,4
00024589.jpg,0
00005574.jpg,3
00007279.jpg,0
00007335.jpg,0
00023262.jpg,0
00012053.jpg,0
00023397.jpg,1
00019358.jpg,0
00013983.jpg,2
00022625.jpg,2
00007362.jpg,0
00029058.jpg,3
10002658.jpg,0
00022031.jpg,0
10001677.jpg,0
00010496.jpg,0
00029579.jpg,0
00018907.jpg,0
00014122.jpg,0
00018479.jpg,0
10001878.jpg,3
10000481.jpg,0
00000794.jpg,0
00005344.jpg,0
00006675.jpg,0
00023132.jpg,2
00023842.jpg,3
00027851.jpg,0
00004704.jpg,0
00028676.jpg,0
10003592.jpg,0
10002556.jpg,2
00018915.jpg,3
00025069.jpg,1
00027044.jpg,0
00018854.jpg,0
00011016.jpg,5
00022828.jpg,2
00025782.jpg,0
10003535.jpg,4
00022799.jpg,0
00020995.jpg,0
00000583.jpg,0
00002041.jpg,0
00018421.jpg,0
00016026.jpg,0
00020783.jpg,3
00024646.jpg,1
00028331.jpg,0
00005391.jpg,3
00002103.jpg,0
00011393.jpg,0
00029575.jpg,0
00020626.jpg,2
00015070.jpg,1
00009131.jpg,3
00023985.jpg,1
00005061.jpg,0
00026726.jpg,0
00030202.jpg,0
00008323.jpg,0
00027442.jpg,3
00009024.jpg,0
00024062.jpg,0
00009356.jpg,5
00004765.jpg,0
00010010.jpg,0
00028548.jpg,1
00004852.jpg,0
10004246.jpg,0
00027563.jpg,0
00023529.jpg,0
00022318.jpg,3
00010915.jpg,0
00027238.jpg,1
10001592.jpg,3
00006050.jpg,0
00008773.jpg,0
00004463.jpg,0
00016256.jpg,0
00027890.jpg,0
00004467.jpg,3
00000994.jpg,0
00003988.jpg,2
00029097.jpg,4
00016369.jpg,0
00004146.jpg,1
00005299.jpg,3
00014134.jpg,3
00008211.jpg,3
00009546.jpg,0
00023354.jpg,0
00022466.jpg,0
00024141.jpg,0
10003311.jpg,0
00025932.jpg,0
00003211.jpg,0
00021056.jpg,2
10000772.jpg,2
00003609.jpg,0
00024987.jpg,0
00003145.jpg,0
00010076.jpg,2
00018241.jpg,0
00004854.jpg,0
00003262.jpg,0
10001657.jpg,3
00021045.jpg,0
00009757.jpg,0
